"id","code","family_name","first_name","gender","email","phone","password","avatar_image_path","remember_token","email_verified_at","last_login_at","allowed_ips","language","created_at","updated_at","deleted_at"
1,"51935282","Lockman","Rowena","3","mwilliamson@example.com","+1 (801) 916-1453","$2y$12$9INu/8NaFjzaXp09x/lIWOZqhe1S8q5uUSJtZlAF0XcPTGnRoZWu2","","","","","","","2024-10-07 07:37:28","2024-10-07 07:37:28",""
2,"69035116","Reilly","Cali","2","mschroeder@example.org","1-704-736-7841","$2y$12$9INu/8NaFjzaXp09x/lIWOZqhe1S8q5uUSJtZlAF0XcPTGnRoZWu2","","","","","","","2024-10-07 07:37:28","2024-10-07 07:37:28",""
3,"93886695","Lehner","Candace","1","jena.brakus@example.net","520.240.7913","$2y$12$9INu/8NaFjzaXp09x/lIWOZqhe1S8q5uUSJtZlAF0XcPTGnRoZWu2","","","","","","","2024-10-07 07:37:28","2024-10-07 07:37:28",""
4,"79913867","Rogahn","Robert","3","lehner.ramona@example.net","+1 (346) 428-6076","$2y$12$9INu/8NaFjzaXp09x/lIWOZqhe1S8q5uUSJtZlAF0XcPTGnRoZWu2","","","","","","","2024-10-07 07:37:28","2024-10-07 07:37:28",""
5,"50799704","Langosh","Reginald","3","dennis93@example.com","1-978-837-7566","$2y$12$9INu/8NaFjzaXp09x/lIWOZqhe1S8q5uUSJtZlAF0XcPTGnRoZWu2","","","","","","","2024-10-07 07:37:28","2024-10-07 07:37:28",""
6,"87851290","Bahringer","Rozella","2","lakin.kiley@example.com","929.331.0340","$2y$12$9INu/8NaFjzaXp09x/lIWOZqhe1S8q5uUSJtZlAF0XcPTGnRoZWu2","","","","","","","2024-10-07 07:37:28","2024-10-07 07:37:28",""
7,"99569945","Barrows","Gilbert","1","dhartmann@example.com","615.755.5839","$2y$12$9INu/8NaFjzaXp09x/lIWOZqhe1S8q5uUSJtZlAF0XcPTGnRoZWu2","","","","","","","2024-10-07 07:37:28","2024-10-07 07:37:28",""
8,"65709833","Boehm","Elsa","2","lonnie02@example.org","351-315-0597","$2y$12$9INu/8NaFjzaXp09x/lIWOZqhe1S8q5uUSJtZlAF0XcPTGnRoZWu2","","","","","","","2024-10-07 07:37:28","2024-10-07 07:37:28",""
9,"1158680","Balistreri","Trace","2","ottilie18@example.net","1-212-273-8686","$2y$12$9INu/8NaFjzaXp09x/lIWOZqhe1S8q5uUSJtZlAF0XcPTGnRoZWu2","","","","","","","2024-10-07 07:37:28","2024-10-07 07:37:28",""
10,"34749493","Rolfson","Haven","1","hessel.nels@example.com","854-897-2227","$2y$12$9INu/8NaFjzaXp09x/lIWOZqhe1S8q5uUSJtZlAF0XcPTGnRoZWu2","","","","","","","2024-10-07 07:37:28","2024-10-07 07:37:28",""
11,"82267419","VonRueden","Mazie","3","wunsch.celestino@example.net","+1-231-318-2663","$2y$12$9INu/8NaFjzaXp09x/lIWOZqhe1S8q5uUSJtZlAF0XcPTGnRoZWu2","","","","","","","2024-10-07 07:37:28","2024-10-07 07:37:28",""
12,"16824279","Ziemann","Brenda","2","gleason.charlene@example.com","+1 (660) 480-9313","$2y$12$9INu/8NaFjzaXp09x/lIWOZqhe1S8q5uUSJtZlAF0XcPTGnRoZWu2","","","","","","","2024-10-07 07:37:28","2024-10-07 07:37:28",""
13,"13271102","Hackett","Elyssa","1","alberto.larson@example.org","(903) 248-1164","$2y$12$9INu/8NaFjzaXp09x/lIWOZqhe1S8q5uUSJtZlAF0XcPTGnRoZWu2","","","","","","","2024-10-07 07:37:28","2024-10-07 07:37:28",""
14,"19265003","Kohler","Geovanny","2","okerluke@example.net","+1-361-662-6750","$2y$12$9INu/8NaFjzaXp09x/lIWOZqhe1S8q5uUSJtZlAF0XcPTGnRoZWu2","","","","","","","2024-10-07 07:37:28","2024-10-07 07:37:28",""
15,"37398945","Daniel","Sedrick","1","lelah.damore@example.com","+16622158830","$2y$12$9INu/8NaFjzaXp09x/lIWOZqhe1S8q5uUSJtZlAF0XcPTGnRoZWu2","","","","","","","2024-10-07 07:37:28","2024-10-07 07:37:28",""
16,"83358381","Grant","Shawn","1","ari.kuhic@example.com","832.660.4551","$2y$12$9INu/8NaFjzaXp09x/lIWOZqhe1S8q5uUSJtZlAF0XcPTGnRoZWu2","","","","","","","2024-10-07 07:37:28","2024-10-07 07:37:28",""
17,"75638653","Grady","Arvilla","3","brown.ignacio@example.com","+1.260.880.9641","$2y$12$9INu/8NaFjzaXp09x/lIWOZqhe1S8q5uUSJtZlAF0XcPTGnRoZWu2","","","","","","","2024-10-07 07:37:28","2024-10-07 07:37:28",""
18,"26245439","Mitchell","Karine","3","mina54@example.org","734-324-4176","$2y$12$9INu/8NaFjzaXp09x/lIWOZqhe1S8q5uUSJtZlAF0XcPTGnRoZWu2","","","","","","","2024-10-07 07:37:28","2024-10-07 07:37:28",""
19,"53458929","Rath","Fred","2","jrolfson@example.net","+19407177056","$2y$12$9INu/8NaFjzaXp09x/lIWOZqhe1S8q5uUSJtZlAF0XcPTGnRoZWu2","","","","","","","2024-10-07 07:37:28","2024-10-07 07:37:28",""
20,"53858733","Haag","Vivien","2","martin04@example.net","1-352-516-8118","$2y$12$9INu/8NaFjzaXp09x/lIWOZqhe1S8q5uUSJtZlAF0XcPTGnRoZWu2","","","","","","","2024-10-07 07:37:28","2024-10-07 07:37:28",""
21,"18536280","Macejkovic","Jena","3","emayer@example.com","+1-863-265-5788","$2y$12$9INu/8NaFjzaXp09x/lIWOZqhe1S8q5uUSJtZlAF0XcPTGnRoZWu2","","","","","","","2024-10-07 07:37:28","2024-10-07 07:37:28",""
22,"65997395","White","Pietro","1","korey24@example.net","+1 (970) 490-2052","$2y$12$9INu/8NaFjzaXp09x/lIWOZqhe1S8q5uUSJtZlAF0XcPTGnRoZWu2","","","","","","","2024-10-07 07:37:28","2024-10-07 07:37:28",""
23,"69170104","Hamill","Garnett","1","samara32@example.net","(850) 481-8708","$2y$12$9INu/8NaFjzaXp09x/lIWOZqhe1S8q5uUSJtZlAF0XcPTGnRoZWu2","","","","","","","2024-10-07 07:37:28","2024-10-07 07:37:28",""
24,"17715377","D'Amore","Clint","1","archibald.brown@example.org","+1.252.582.9998","$2y$12$9INu/8NaFjzaXp09x/lIWOZqhe1S8q5uUSJtZlAF0XcPTGnRoZWu2","","","","","","","2024-10-07 07:37:28","2024-10-07 07:37:28",""
25,"7160255","Paucek","Ivory","1","jana61@example.com","682-217-0284","$2y$12$9INu/8NaFjzaXp09x/lIWOZqhe1S8q5uUSJtZlAF0XcPTGnRoZWu2","","","","","","","2024-10-07 07:37:28","2024-10-07 07:37:28",""
26,"12396675","Kulas","Alphonso","1","trantow.peyton@example.com","(832) 314-3005","$2y$12$9INu/8NaFjzaXp09x/lIWOZqhe1S8q5uUSJtZlAF0XcPTGnRoZWu2","","","","","","","2024-10-07 07:37:28","2024-10-07 07:37:28",""
27,"24957169","Terry","Eula","3","eullrich@example.com","445.231.0394","$2y$12$9INu/8NaFjzaXp09x/lIWOZqhe1S8q5uUSJtZlAF0XcPTGnRoZWu2","","","","","","","2024-10-07 07:37:28","2024-10-07 07:37:28",""
28,"27085596","Gulgowski","Gianni","2","bednar.kamren@example.com","1-248-299-3215","$2y$12$9INu/8NaFjzaXp09x/lIWOZqhe1S8q5uUSJtZlAF0XcPTGnRoZWu2","","","","","","","2024-10-07 07:37:28","2024-10-07 07:37:28",""
29,"41886374","Carter","Lottie","2","triston.gorczany@example.org","+1.364.428.9770","$2y$12$9INu/8NaFjzaXp09x/lIWOZqhe1S8q5uUSJtZlAF0XcPTGnRoZWu2","","","","","","","2024-10-07 07:37:28","2024-10-07 07:37:28",""
30,"90439557","Gleichner","Oral","3","orosenbaum@example.com","+1 (848) 425-3755","$2y$12$9INu/8NaFjzaXp09x/lIWOZqhe1S8q5uUSJtZlAF0XcPTGnRoZWu2","","","","","","","2024-10-07 07:37:28","2024-10-07 07:37:28",""
31,"94306906","Bechtelar","Sarina","1","gdaniel@example.net","+1 (956) 568-8307","$2y$12$9INu/8NaFjzaXp09x/lIWOZqhe1S8q5uUSJtZlAF0XcPTGnRoZWu2","","","","","","","2024-10-07 07:37:28","2024-10-07 07:37:28",""
32,"7388289","Wehner","Casey","3","zoey81@example.net","(616) 912-8365","$2y$12$9INu/8NaFjzaXp09x/lIWOZqhe1S8q5uUSJtZlAF0XcPTGnRoZWu2","","","","","","","2024-10-07 07:37:28","2024-10-07 07:37:28",""
33,"70502944","Yost","Nicholaus","3","rlemke@example.org","+1-310-582-8858","$2y$12$9INu/8NaFjzaXp09x/lIWOZqhe1S8q5uUSJtZlAF0XcPTGnRoZWu2","","","","","","","2024-10-07 07:37:28","2024-10-07 07:37:28",""
34,"84337594","Hodkiewicz","Domingo","1","bogisich.filomena@example.net","(346) 520-9708","$2y$12$9INu/8NaFjzaXp09x/lIWOZqhe1S8q5uUSJtZlAF0XcPTGnRoZWu2","","","","","","","2024-10-07 07:37:28","2024-10-07 07:37:28",""
35,"81173201","Berge","Edward","1","pedro63@example.org","(678) 434-5530","$2y$12$9INu/8NaFjzaXp09x/lIWOZqhe1S8q5uUSJtZlAF0XcPTGnRoZWu2","","","","","","","2024-10-07 07:37:28","2024-10-07 07:37:28",""
36,"55054207","Zulauf","Selena","2","bailey.demond@example.org","248-462-6516","$2y$12$9INu/8NaFjzaXp09x/lIWOZqhe1S8q5uUSJtZlAF0XcPTGnRoZWu2","","","","","","","2024-10-07 07:37:28","2024-10-07 07:37:28",""
37,"46391841","Corkery","Ernesto","1","xzboncak@example.org","1-571-422-1202","$2y$12$9INu/8NaFjzaXp09x/lIWOZqhe1S8q5uUSJtZlAF0XcPTGnRoZWu2","","","","","","","2024-10-07 07:37:28","2024-10-07 07:37:28",""
38,"84306538","Ferry","Chance","3","paolo.hessel@example.net","(442) 922-4437","$2y$12$9INu/8NaFjzaXp09x/lIWOZqhe1S8q5uUSJtZlAF0XcPTGnRoZWu2","","","","","","","2024-10-07 07:37:28","2024-10-07 07:37:28",""
39,"15974643","Williamson","Keith","1","erutherford@example.org","+16782284057","$2y$12$9INu/8NaFjzaXp09x/lIWOZqhe1S8q5uUSJtZlAF0XcPTGnRoZWu2","","","","","","","2024-10-07 07:37:28","2024-10-07 07:37:28",""
40,"19196507","DuBuque","Luz","2","cathy.bayer@example.com","+1.678.926.6598","$2y$12$9INu/8NaFjzaXp09x/lIWOZqhe1S8q5uUSJtZlAF0XcPTGnRoZWu2","","","","","","","2024-10-07 07:37:28","2024-10-07 07:37:28",""